Date,Stock,Open,High,Low,Close,Volume,P/E,EPS,Earning Growth,MCap,P/B,DY,D/E,PEG
2025-01-20,ADANIENT.NS,2442.80005,2454.00000,2390.00000,2413.75000,1039435,49.95906,46.41000,6.41,2677009285120,6.93878,0.00060,168.936,7.79393
2025-01-21,ADANIENT.NS,2384.30005,2441.75000,2373.64990,2441.75000,1206512,49.95906,46.41000,6.41,2677009285120,6.93878,0.00060,168.936,7.79393
2025-01-22,ADANIENT.NS,2376.55005,2399.00000,2325.14990,2399.00000,1147334,49.95906,46.41000,6.41,2677009285120,6.93878,0.00060,168.936,7.79393
2025-01-23,ADANIENT.NS,2385.00000,2405.14990,2355.00000,2383.00000,826721,49.95906,46.41000,6.41,2677009285120,6.93878,0.00060,168.936,7.79393
2025-01-24,ADANIENT.NS,2315.10010,2406.00000,2299.39990,2387.75000,1388583,49.95906,46.41000,6.41,2677009285120,6.93878,0.00060,168.936,7.79393
2025-01-27,ADANIENT.NS,2259.69995,2318.10010,2250.05005,2310.05005,1032995,49.95906,46.41000,6.41,2677009285120,6.93878,0.00060,168.936,7.79393
2025-01-28,ADANIENT.NS,2286.05005,2315.85010,2242.00000,2274.19995,966497,49.95906,46.41000,6.41,2677009285120,6.93878,0.00060,168.936,7.79393
2025-01-20,ADANIPORTS.NS,1148.69995,1172.00000,1146.50000,1172.00000,1312101,23.06940,47.55000,0.764,2369565491200,4.14383,0.00560,85.449,30.19555
2025-01-21,ADANIPORTS.NS,1106.19995,1154.25000,1104.00000,1150.00000,3134022,23.06940,47.55000,0.764,2369565491200,4.14383,0.00560,85.449,30.19555
2025-01-22,ADANIPORTS.NS,1102.25000,1118.05005,1080.44995,1115.50000,1906032,23.06940,47.55000,0.764,2369565491200,4.14383,0.00560,85.449,30.19555
2025-01-23,ADANIPORTS.NS,1104.00000,1114.25000,1089.65002,1102.25000,1968815,23.06940,47.55000,0.764,2369565491200,4.14383,0.00560,85.449,30.19555
2025-01-24,ADANIPORTS.NS,1094.15002,1115.00000,1088.25000,1104.15002,2400140,23.06940,47.55000,0.764,2369565491200,4.14383,0.00560,85.449,30.19555
2025-01-27,ADANIPORTS.NS,1082.00000,1093.59998,1067.55005,1085.09998,2371555,23.06940,47.55000,0.764,2369565491200,4.14383,0.00560,85.449,30.19555
2025-01-28,ADANIPORTS.NS,1080.69995,1096.65002,1061.25000,1087.00000,2404643,23.06940,47.55000,0.764,2369565491200,4.14383,0.00560,85.449,30.19555
2025-01-20,APOLLOHOSP.NS,6780.85010,6910.00000,6740.00000,6901.00000,120356,82.21401,82.52000,0.626,975480487936,13.58721,0.00240,93.132,131.33228
2025-01-21,APOLLOHOSP.NS,6919.14990,7014.95020,6838.00000,6838.00000,799900,82.21401,82.52000,0.626,975480487936,13.58721,0.00240,93.132,131.33228
2025-01-22,APOLLOHOSP.NS,6892.89990,6941.95020,6829.89990,6908.00000,247081,82.21401,82.52000,0.626,975480487936,13.58721,0.00240,93.132,131.33228
2025-01-23,APOLLOHOSP.NS,6920.85010,6963.10010,6823.20020,6892.25000,271085,82.21401,82.52000,0.626,975480487936,13.58721,0.00240,93.132,131.33228
2025-01-24,APOLLOHOSP.NS,6745.04980,6915.25000,6728.45020,6915.25000,317194,82.21401,82.52000,0.626,975480487936,13.58721,0.00240,93.132,131.33228
2025-01-27,APOLLOHOSP.NS,6695.45020,6729.79980,6674.35010,6700.00000,191705,82.21401,82.52000,0.626,975480487936,13.58721,0.00240,93.132,131.33228
2025-01-28,APOLLOHOSP.NS,6708.95020,6747.50000,6635.04980,6699.00000,202194,82.21401,82.52000,0.626,975480487936,13.58721,0.00240,93.132,131.33228
2025-01-20,ASIANPAINT.NS,2280.55005,2286.89990,2251.00000,2272.25000,555716,46.55811,47.75000,-0.424,2131373850624,11.81797,0.01450,13.467,-109.80687
2025-01-21,ASIANPAINT.NS,2260.35010,2315.00000,2255.00000,2280.55005,1410294,46.55811,47.75000,-0.424,2131373850624,11.81797,0.01450,13.467,-109.80687
2025-01-22,ASIANPAINT.NS,2262.10010,2270.00000,2244.89990,2270.00000,835523,46.55811,47.75000,-0.424,2131373850624,11.81797,0.01450,13.467,-109.80687
2025-01-23,ASIANPAINT.NS,2276.35010,2301.80005,2246.19995,2262.10010,1142465,46.55811,47.75000,-0.424,2131373850624,11.81797,0.01450,13.467,-109.80687
2025-01-24,ASIANPAINT.NS,2262.39990,2296.55005,2255.05005,2283.00000,543202,46.55811,47.75000,-0.424,2131373850624,11.81797,0.01450,13.467,-109.80687
2025-01-27,ASIANPAINT.NS,2251.50000,2277.75000,2246.19995,2255.30005,1097939,46.55811,47.75000,-0.424,2131373850624,11.81797,0.01450,13.467,-109.80687
2025-01-28,ASIANPAINT.NS,2241.80005,2267.05005,2234.10010,2260.00000,897501,46.55811,47.75000,-0.424,2131373850624,11.81797,0.01450,13.467,-109.80687
2025-01-20,AXISBANK.NS,988.04999,994.20001,976.50000,992.04999,33440507,10.86510,90.51000,0.188,3045373509632,1.93305,0.00100,N/A,57.79307
2025-01-21,AXISBANK.NS,970.20001,994.45001,963.00000,993.59998,11894500,10.86510,90.51000,0.188,3045373509632,1.93305,0.00100,N/A,57.79307
2025-01-22,AXISBANK.NS,959.29999,975.75000,954.00000,975.75000,17303146,10.86510,90.51000,0.188,3045373509632,1.93305,0.00100,N/A,57.79307
2025-01-23,AXISBANK.NS,951.04999,963.70001,948.00000,954.00000,24649522,10.86510,90.51000,0.188,3045373509632,1.93305,0.00100,N/A,57.79307
2025-01-24,AXISBANK.NS,948.50000,961.79999,946.09998,948.00000,14421921,10.86510,90.51000,0.188,3045373509632,1.93305,0.00100,N/A,57.79307
2025-01-27,AXISBANK.NS,948.09998,949.75000,933.50000,943.09998,12713296,10.86510,90.51000,0.188,3045373509632,1.93305,0.00100,N/A,57.79307
2025-01-28,AXISBANK.NS,983.79999,993.84998,958.20001,960.00000,21781371,10.86510,90.51000,0.188,3045373509632,1.93305,0.00100,N/A,57.79307
2025-01-20,BAJAJ-AUTO.NS,8544.40039,8609.59961,8462.70020,8600.00000,294136,32.09618,268.75000,-0.304,2408837283840,8.31479,0.00950,16.523,-105.57955
2025-01-21,BAJAJ-AUTO.NS,8468.54980,8608.79980,8412.09961,8582.45020,343149,32.09618,268.75000,-0.304,2408837283840,8.31479,0.00950,16.523,-105.57955
2025-01-22,BAJAJ-AUTO.NS,8460.84961,8534.95020,8395.00000,8480.79980,344305,32.09618,268.75000,-0.304,2408837283840,8.31479,0.00950,16.523,-105.57955
2025-01-23,BAJAJ-AUTO.NS,8399.95020,8502.20020,8375.65039,8439.15039,347894,32.09618,268.75000,-0.304,2408837283840,8.31479,0.00950,16.523,-105.57955
2025-01-24,BAJAJ-AUTO.NS,8401.50000,8489.95020,8360.00000,8414.40039,232317,32.09618,268.75000,-0.304,2408837283840,8.31479,0.00950,16.523,-105.57955
2025-01-27,BAJAJ-AUTO.NS,8384.59961,8418.95020,8290.34961,8378.04980,324406,32.09618,268.75000,-0.304,2408837283840,8.31479,0.00950,16.523,-105.57955
2025-01-28,BAJAJ-AUTO.NS,8398.40039,8489.00000,8361.34961,8426.45020,651069,32.09618,268.75000,-0.304,2408837283840,8.31479,0.00950,16.523,-105.57955
2025-01-20,BAJAJFINSV.NS,1735.19995,1738.00000,1674.40002,1686.30005,1674215,33.85139,52.89000,0.083,2855365771264,4.17460,0.00060,211.987,407.84807
2025-01-21,BAJAJFINSV.NS,1717.00000,1751.00000,1711.00000,1745.00000,2008953,33.85139,52.89000,0.083,2855365771264,4.17460,0.00060,211.987,407.84807
2025-01-22,BAJAJFINSV.NS,1743.30005,1746.84998,1710.50000,1720.00000,1369310,33.85139,52.89000,0.083,2855365771264,4.17460,0.00060,211.987,407.84807
2025-01-23,BAJAJFINSV.NS,1746.15002,1766.00000,1730.44995,1742.55005,1888122,33.85139,52.89000,0.083,2855365771264,4.17460,0.00060,211.987,407.84807
2025-01-24,BAJAJFINSV.NS,1728.69995,1754.90002,1725.00000,1751.00000,747930,33.85139,52.89000,0.083,2855365771264,4.17460,0.00060,211.987,407.84807
2025-01-27,BAJAJFINSV.NS,1711.59998,1732.65002,1702.00000,1714.84998,1017680,33.85139,52.89000,0.083,2855365771264,4.17460,0.00060,211.987,407.84807
2025-01-28,BAJAJFINSV.NS,1768.94995,1788.05005,1715.00000,1732.94995,2439528,33.85139,52.89000,0.083,2855365771264,4.17460,0.00060,211.987,407.84807
2025-01-20,BAJFINANCE.NS,7440.10010,7470.00000,7182.10010,7182.10010,1067971,31.19583,248.74000,0.104,4801516535808,5.52972,0.00470,290.321,299.95987
2025-01-21,BAJFINANCE.NS,7291.64990,7485.00000,7277.60010,7450.00000,1003206,31.19583,248.74000,0.104,4801516535808,5.52972,0.00470,290.321,299.95987
2025-01-22,BAJFINANCE.NS,7397.14990,7420.25000,7260.35010,7339.00000,727368,31.19583,248.74000,0.104,4801516535808,5.52972,0.00470,290.321,299.95987
2025-01-23,BAJFINANCE.NS,7443.25000,7524.00000,7325.00000,7341.00000,1030295,31.19583,248.74000,0.104,4801516535808,5.52972,0.00470,290.321,299.95987
2025-01-24,BAJFINANCE.NS,7438.60010,7505.00000,7338.29980,7443.25000,679687,31.19583,248.74000,0.104,4801516535808,5.52972,0.00470,290.321,299.95987
2025-01-27,BAJFINANCE.NS,7295.45020,7474.50000,7260.00000,7380.10010,692810,31.19583,248.74000,0.104,4801516535808,5.52972,0.00470,290.321,299.95987
2025-01-28,BAJFINANCE.NS,7606.60010,7706.79980,7345.00000,7390.00000,2478933,31.19583,248.74000,0.104,4801516535808,5.52972,0.00470,290.321,299.95987
2025-01-20,BEL.NS,285.79999,287.79999,280.70001,283.20001,10483849,43.09678,6.20000,0.389,1953173340160,11.01901,0.01080,0.344,110.78864
2025-01-21,BEL.NS,279.00000,286.89999,278.25000,285.79999,13020489,43.09678,6.20000,0.389,1953173340160,11.01901,0.01080,0.344,110.78864
2025-01-22,BEL.NS,270.35001,279.29999,266.29999,279.00000,21272549,43.09678,6.20000,0.389,1953173340160,11.01901,0.01080,0.344,110.78864
2025-01-23,BEL.NS,273.95001,276.95001,267.10001,268.79999,11978782,43.09678,6.20000,0.389,1953173340160,11.01901,0.01080,0.344,110.78864
2025-01-24,BEL.NS,270.14999,276.70001,268.79999,273.95001,10164897,43.09678,6.20000,0.389,1953173340160,11.01901,0.01080,0.344,110.78864
2025-01-27,BEL.NS,262.95001,267.00000,261.79999,267.00000,13710372,43.09678,6.20000,0.389,1953173340160,11.01901,0.01080,0.344,110.78864
2025-01-28,BEL.NS,258.25000,265.70001,252.70000,263.50000,29049716,43.09678,6.20000,0.389,1953173340160,11.01901,0.01080,0.344,110.78864
2025-01-20,BHARTIARTL.NS,1641.15002,1645.00000,1618.09998,1638.00000,3933044,77.27909,20.71000,1.597,9577156313088,10.63231,0.00490,204.474,48.39016
2025-01-21,BHARTIARTL.NS,1626.15002,1656.69995,1620.30005,1654.00000,7958844,77.27909,20.71000,1.597,9577156313088,10.63231,0.00490,204.474,48.39016
2025-01-22,BHARTIARTL.NS,1631.75000,1641.00000,1622.55005,1627.50000,3262136,77.27909,20.71000,1.597,9577156313088,10.63231,0.00490,204.474,48.39016
2025-01-23,BHARTIARTL.NS,1636.00000,1645.40002,1617.19995,1624.50000,2457080,77.27909,20.71000,1.597,9577156313088,10.63231,0.00490,204.474,48.39016
2025-01-24,BHARTIARTL.NS,1644.80005,1661.90002,1634.05005,1634.05005,3620058,77.27909,20.71000,1.597,9577156313088,10.63231,0.00490,204.474,48.39016
2025-01-27,BHARTIARTL.NS,1602.59998,1647.19995,1593.69995,1638.94995,6622807,77.27909,20.71000,1.597,9577156313088,10.63231,0.00490,204.474,48.39016
2025-01-28,BHARTIARTL.NS,1618.34998,1630.30005,1597.00000,1607.65002,5216471,77.27909,20.71000,1.597,9577156313088,10.63231,0.00490,204.474,48.39016
2025-01-20,BPCL.NS,271.92700,273.00569,263.59170,269.67158,9623368,7.99378,32.15000,-0.722,1115644624896,1.47418,0.08210,76.361,-11.07172
2025-01-21,BPCL.NS,274.77084,281.43907,272.76055,273.15279,15304149,7.99378,32.15000,-0.722,1115644624896,1.47418,0.08210,76.361,-11.07172
2025-01-22,BPCL.NS,272.22119,278.05589,268.73996,276.53593,6301894,7.99378,32.15000,-0.722,1115644624896,1.47418,0.08210,76.361,-11.07172
2025-01-23,BPCL.NS,265.99423,279.47781,265.06263,277.51656,18806324,7.99378,32.15000,-0.722,1115644624896,1.47418,0.08210,76.361,-11.07172
2025-01-24,BPCL.NS,258.68857,273.98631,257.90408,268.69094,18480516,7.99378,32.15000,-0.722,1115644624896,1.47418,0.08210,76.361,-11.07172
2025-01-27,BPCL.NS,256.23700,258.59052,253.34418,258.59052,10083126,7.99378,32.15000,-0.722,1115644624896,1.47418,0.08210,76.361,-11.07172
2025-01-28,BPCL.NS,253.04999,258.78664,249.37266,257.16862,13321189,7.99378,32.15000,-0.722,1115644624896,1.47418,0.08210,76.361,-11.07172
2025-01-20,BRITANNIA.NS,4885.39990,4908.00000,4836.64990,4860.00000,155962,56.87726,88.56000,-0.096,1213264166912,37.79951,0.01450,85.079,-592.47146
2025-01-21,BRITANNIA.NS,4903.85010,4944.14990,4850.10010,4885.39990,377457,56.87726,88.56000,-0.096,1213264166912,37.79951,0.01450,85.079,-592.47146
2025-01-22,BRITANNIA.NS,4956.70020,4975.20020,4883.20020,4930.00000,460132,56.87726,88.56000,-0.096,1213264166912,37.79951,0.01450,85.079,-592.47146
2025-01-23,BRITANNIA.NS,5012.60010,5042.95020,4883.20020,4944.14990,361082,56.87726,88.56000,-0.096,1213264166912,37.79951,0.01450,85.079,-592.47146
2025-01-24,BRITANNIA.NS,5101.54980,5108.00000,5013.14990,5037.70020,509954,56.87726,88.56000,-0.096,1213264166912,37.79951,0.01450,85.079,-592.47146
2025-01-27,BRITANNIA.NS,5176.25000,5215.00000,5103.04980,5103.64990,937878,56.87726,88.56000,-0.096,1213264166912,37.79951,0.01450,85.079,-592.47146
2025-01-28,BRITANNIA.NS,5060.75000,5216.25000,5018.20020,5181.14990,456912,56.87726,88.56000,-0.096,1213264166912,37.79951,0.01450,85.079,-592.47146
2025-01-20,CIPLA.NS,1445.44995,1449.55005,1428.90002,1442.30005,738447,23.04126,61.80000,0.151,1150002003968,4.30477,0.00930,1.621,152.59114
2025-01-21,CIPLA.NS,1428.00000,1464.80005,1425.00000,1450.50000,820225,23.04126,61.80000,0.151,1150002003968,4.30477,0.00930,1.621,152.59114
2025-01-22,CIPLA.NS,1439.40002,1440.94995,1420.19995,1431.09998,808605,23.04126,61.80000,0.151,1150002003968,4.30477,0.00930,1.621,152.59114
2025-01-23,CIPLA.NS,1451.15002,1458.19995,1432.55005,1432.55005,1070838,23.04126,61.80000,0.151,1150002003968,4.30477,0.00930,1.621,152.59114
2025-01-24,CIPLA.NS,1411.40002,1451.00000,1408.00000,1445.25000,1615412,23.04126,61.80000,0.151,1150002003968,4.30477,0.00930,1.621,152.59114
2025-01-27,CIPLA.NS,1396.09998,1414.90002,1384.19995,1408.09998,1448841,23.04126,61.80000,0.151,1150002003968,4.30477,0.00930,1.621,152.59114
2025-01-28,CIPLA.NS,1420.59998,1473.00000,1366.09998,1395.05005,5627159,23.04126,61.80000,0.151,1150002003968,4.30477,0.00930,1.621,152.59114
2025-01-20,COALINDIA.NS,387.04999,391.00000,382.64999,389.60001,14597375,6.48300,58.53000,-0.074,2338447949824,2.82661,0.10770,8.053,-87.60811
2025-01-21,COALINDIA.NS,381.54999,389.64999,381.00000,388.00000,20854879,6.48300,58.53000,-0.074,2338447949824,2.82661,0.10770,8.053,-87.60811
2025-01-22,COALINDIA.NS,379.20001,383.89999,374.64999,381.50000,10653690,6.48300,58.53000,-0.074,2338447949824,2.82661,0.10770,8.053,-87.60811
2025-01-23,COALINDIA.NS,385.79999,388.20001,376.20001,377.50000,5844752,6.48300,58.53000,-0.074,2338447949824,2.82661,0.10770,8.053,-87.60811
2025-01-24,COALINDIA.NS,383.04999,392.25000,381.70001,386.04999,5351964,6.48300,58.53000,-0.074,2338447949824,2.82661,0.10770,8.053,-87.60811
2025-01-27,COALINDIA.NS,375.75000,383.00000,372.75000,380.89999,6645109,6.48300,58.53000,-0.074,2338447949824,2.82661,0.10770,8.053,-87.60811
2025-01-28,COALINDIA.NS,370.64999,377.60001,367.75000,376.00000,10866038,6.48300,58.53000,-0.074,2338447949824,2.82661,0.10770,8.053,-87.60811
2025-01-20,DRREDDY.NS,1302.34998,1309.00000,1293.65002,1308.34998,561642,18.34731,64.38000,-0.153,984082481152,3.50568,0.00620,15.694,-119.91708
2025-01-21,DRREDDY.NS,1288.15002,1312.94995,1285.65002,1302.34998,738787,18.34731,64.38000,-0.153,984082481152,3.50568,0.00620,15.694,-119.91708
2025-01-22,DRREDDY.NS,1296.25000,1308.00000,1288.00000,1291.00000,1301422,18.34731,64.38000,-0.153,984082481152,3.50568,0.00620,15.694,-119.91708
2025-01-23,DRREDDY.NS,1289.40002,1303.94995,1274.55005,1289.00000,1448659,18.34731,64.38000,-0.153,984082481152,3.50568,0.00620,15.694,-119.91708
2025-01-24,DRREDDY.NS,1224.40002,1252.65002,1203.50000,1229.94995,7082467,18.34731,64.38000,-0.153,984082481152,3.50568,0.00620,15.694,-119.91708
2025-01-27,DRREDDY.NS,1197.65002,1234.34998,1191.50000,1224.40002,2184847,18.34731,64.38000,-0.153,984082481152,3.50568,0.00620,15.694,-119.91708
2025-01-28,DRREDDY.NS,1181.25000,1197.65002,1164.65002,1197.65002,3142189,18.34731,64.38000,-0.153,984082481152,3.50568,0.00620,15.694,-119.91708
2025-01-20,EICHERMOT.NS,5016.75000,5038.45020,4930.00000,5012.35010,255315,33.28559,155.71000,0.081,1420798722048,7.48383,0.01000,2.128,410.93321
2025-01-21,EICHERMOT.NS,4969.95020,5080.00000,4960.00000,5032.35010,416551,33.28559,155.71000,0.081,1420798722048,7.48383,0.01000,2.128,410.93321
2025-01-22,EICHERMOT.NS,5009.70020,5025.00000,4953.20020,4980.00000,494734,33.28559,155.71000,0.081,1420798722048,7.48383,0.01000,2.128,410.93321
2025-01-23,EICHERMOT.NS,5116.20020,5158.00000,4977.79980,4996.60010,442186,33.28559,155.71000,0.081,1420798722048,7.48383,0.01000,2.128,410.93321
2025-01-24,EICHERMOT.NS,5206.29980,5224.50000,5115.04980,5134.00000,730641,33.28559,155.71000,0.081,1420798722048,7.48383,0.01000,2.128,410.93321
2025-01-27,EICHERMOT.NS,5144.50000,5208.00000,5115.60010,5190.00000,418597,33.28559,155.71000,0.081,1420798722048,7.48383,0.01000,2.128,410.93321
2025-01-28,EICHERMOT.NS,5105.39990,5194.00000,5090.00000,5160.00000,603950,33.28559,155.71000,0.081,1420798722048,7.48383,0.01000,2.128,410.93321
2025-01-20,GRASIM.NS,2402.00000,2410.64990,2373.00000,2380.05005,681711,36.21089,67.76000,-0.244,1649699323904,1.87770,0.00400,100.1,-148.40528
2025-01-21,GRASIM.NS,2367.50000,2426.50000,2361.64990,2404.89990,316019,36.21089,67.76000,-0.244,1649699323904,1.87770,0.00400,100.1,-148.40528
2025-01-22,GRASIM.NS,2388.14990,2396.44995,2370.30005,2380.94995,336546,36.21089,67.76000,-0.244,1649699323904,1.87770,0.00400,100.1,-148.40528
2025-01-23,GRASIM.NS,2461.14990,2475.75000,2365.39990,2388.00000,596720,36.21089,67.76000,-0.244,1649699323904,1.87770,0.00400,100.1,-148.40528
2025-01-24,GRASIM.NS,2490.75000,2514.05005,2453.44995,2466.35010,1510105,36.21089,67.76000,-0.244,1649699323904,1.87770,0.00400,100.1,-148.40528
2025-01-27,GRASIM.NS,2458.05005,2484.39990,2430.39990,2475.50000,458264,36.21089,67.76000,-0.244,1649699323904,1.87770,0.00400,100.1,-148.40528
2025-01-28,GRASIM.NS,2411.30005,2459.94995,2399.80005,2458.00000,740041,36.21089,67.76000,-0.244,1649699323904,1.87770,0.00400,100.1,-148.40528
2025-01-20,HCLTECH.NS,1796.19995,1799.00000,1762.59998,1790.09998,3401004,27.36390,62.82000,0.098,4658954240000,568.64044,0.02410,8.393,279.22344
2025-01-21,HCLTECH.NS,1802.40002,1820.75000,1791.40002,1791.40002,4005357,27.36390,62.82000,0.098,4658954240000,568.64044,0.02410,8.393,279.22344
2025-01-22,HCLTECH.NS,1827.69995,1831.44995,1804.05005,1808.19995,3009261,27.36390,62.82000,0.098,4658954240000,568.64044,0.02410,8.393,279.22344
2025-01-23,HCLTECH.NS,1807.00000,1828.94995,1804.19995,1817.05005,3750930,27.36390,62.82000,0.098,4658954240000,568.64044,0.02410,8.393,279.22344
2025-01-24,HCLTECH.NS,1792.84998,1829.40002,1791.09998,1800.00000,3171259,27.36390,62.82000,0.098,4658954240000,568.64044,0.02410,8.393,279.22344
2025-01-27,HCLTECH.NS,1711.94995,1779.75000,1707.30005,1775.00000,4174844,27.36390,62.82000,0.098,4658954240000,568.64044,0.02410,8.393,279.22344
2025-01-28,HCLTECH.NS,1693.25000,1730.50000,1691.00000,1711.94995,5079829,27.36390,62.82000,0.098,4658954240000,568.64044,0.02410,8.393,279.22344
2025-01-20,HDFCBANK.NS,1651.25000,1660.94995,1626.00000,1626.00000,8778809,18.76804,89.37000,0.39,12828493742080,2.79195,0.01190,N/A,48.12319
2025-01-21,HDFCBANK.NS,1642.40002,1661.05005,1633.05005,1658.25000,15579072,18.76804,89.37000,0.39,12828493742080,2.79195,0.01190,N/A,48.12319
2025-01-22,HDFCBANK.NS,1666.05005,1671.90002,1625.44995,1642.40002,15309653,18.76804,89.37000,0.39,12828493742080,2.79195,0.01190,N/A,48.12319
2025-01-23,HDFCBANK.NS,1664.90002,1687.00000,1651.25000,1687.00000,17454579,18.76804,89.37000,0.39,12828493742080,2.79195,0.01190,N/A,48.12319
2025-01-24,HDFCBANK.NS,1649.80005,1670.30005,1644.50000,1660.00000,12118100,18.76804,89.37000,0.39,12828493742080,2.79195,0.01190,N/A,48.12319
2025-01-27,HDFCBANK.NS,1629.80005,1643.59998,1626.00000,1641.09998,11402083,18.76804,89.37000,0.39,12828493742080,2.79195,0.01190,N/A,48.12319
2025-01-28,HDFCBANK.NS,1670.40002,1684.30005,1647.00000,1647.00000,15089656,18.76804,89.37000,0.39,12828493742080,2.79195,0.01190,N/A,48.12319
2025-01-20,HDFCLIFE.NS,634.04999,644.04999,630.54999,642.00000,1956252,77.28782,8.13000,0.149,1352372584448,9.21523,0.00330,6.096,518.71020
2025-01-21,HDFCLIFE.NS,624.00000,637.04999,622.90002,636.00000,1820019,77.28782,8.13000,0.149,1352372584448,9.21523,0.00330,6.096,518.71020
2025-01-22,HDFCLIFE.NS,618.20001,629.00000,612.90002,629.00000,2296057,77.28782,8.13000,0.149,1352372584448,9.21523,0.00330,6.096,518.71020
2025-01-23,HDFCLIFE.NS,621.00000,625.20001,612.59998,618.00000,1673008,77.28782,8.13000,0.149,1352372584448,9.21523,0.00330,6.096,518.71020
2025-01-24,HDFCLIFE.NS,621.09998,625.00000,613.29999,620.54999,1793560,77.28782,8.13000,0.149,1352372584448,9.21523,0.00330,6.096,518.71020
2025-01-27,HDFCLIFE.NS,610.20001,619.75000,606.40002,618.00000,1730503,77.28782,8.13000,0.149,1352372584448,9.21523,0.00330,6.096,518.71020
2025-01-28,HDFCLIFE.NS,611.54999,614.00000,600.09998,610.95001,2662789,77.28782,8.13000,0.149,1352372584448,9.21523,0.00330,6.096,518.71020
2025-01-20,HEROMOTOCO.NS,4092.10010,4117.50000,4045.55005,4117.50000,254936,19.71653,206.55000,0.471,814489993216,4.60012,0.02500,3.4,41.86101
2025-01-21,HEROMOTOCO.NS,4024.80005,4119.00000,4010.00000,4092.89990,287082,19.71653,206.55000,0.471,814489993216,4.60012,0.02500,3.4,41.86101
2025-01-22,HEROMOTOCO.NS,4055.69995,4072.00000,4027.00000,4027.00000,272889,19.71653,206.55000,0.471,814489993216,4.60012,0.02500,3.4,41.86101
2025-01-23,HEROMOTOCO.NS,4100.35010,4115.00000,4025.00000,4055.69995,282745,19.71653,206.55000,0.471,814489993216,4.60012,0.02500,3.4,41.86101
2025-01-24,HEROMOTOCO.NS,4051.89990,4125.00000,4041.10010,4105.04980,216273,19.71653,206.55000,0.471,814489993216,4.60012,0.02500,3.4,41.86101
2025-01-27,HEROMOTOCO.NS,4015.94995,4074.80005,4000.00000,4045.00000,328160,19.71653,206.55000,0.471,814489993216,4.60012,0.02500,3.4,41.86101
2025-01-28,HEROMOTOCO.NS,4026.35010,4062.30005,4000.00000,4020.00000,444089,19.71653,206.55000,0.471,814489993216,4.60012,0.02500,3.4,41.86101
2025-01-20,HINDALCO.NS,618.15002,621.95001,612.25000,617.04999,2995173,10.40805,56.12000,0.779,1306292912128,1.12700,0.00610,56.29,13.36079
2025-01-21,HINDALCO.NS,614.95001,628.34998,613.45001,626.04999,3529837,10.40805,56.12000,0.779,1306292912128,1.12700,0.00610,56.29,13.36079
2025-01-22,HINDALCO.NS,613.45001,615.40002,605.34998,615.00000,4426051,10.40805,56.12000,0.779,1306292912128,1.12700,0.00610,56.29,13.36079
2025-01-23,HINDALCO.NS,608.25000,616.20001,607.20001,611.00000,6826419,10.40805,56.12000,0.779,1306292912128,1.12700,0.00610,56.29,13.36079
2025-01-24,HINDALCO.NS,606.90002,615.34998,599.90002,608.70001,4608870,10.40805,56.12000,0.779,1306292912128,1.12700,0.00610,56.29,13.36079
2025-01-27,HINDALCO.NS,586.90002,601.59998,585.34998,600.04999,2919161,10.40805,56.12000,0.779,1306292912128,1.12700,0.00610,56.29,13.36079
2025-01-28,HINDALCO.NS,573.84998,591.65002,568.29999,590.09998,6250865,10.40805,56.12000,0.779,1306292912128,1.12700,0.00610,56.29,13.36079
2025-01-20,HINDUNILVR.NS,2345.19995,2368.00000,2335.64990,2356.44995,1382273,52.24523,45.63000,-0.024,5603546103808,10.93620,0.01840,3.238,-2176.88458
2025-01-21,HINDUNILVR.NS,2340.50000,2377.30005,2332.44995,2353.50000,1842885,52.24523,45.63000,-0.024,5603546103808,10.93620,0.01840,3.238,-2176.88458
2025-01-22,HINDUNILVR.NS,2342.94995,2362.00000,2332.19995,2342.55005,2658047,52.24523,45.63000,-0.024,5603546103808,10.93620,0.01840,3.238,-2176.88458
2025-01-23,HINDUNILVR.NS,2321.69995,2341.30005,2253.85010,2315.00000,3408925,52.24523,45.63000,-0.024,5603546103808,10.93620,0.01840,3.238,-2176.88458
2025-01-24,HINDUNILVR.NS,2368.10010,2380.80005,2323.00000,2332.85010,1688664,52.24523,45.63000,-0.024,5603546103808,10.93620,0.01840,3.238,-2176.88458
2025-01-27,HINDUNILVR.NS,2392.85010,2409.69995,2361.14990,2365.00000,2477358,52.24523,45.63000,-0.024,5603546103808,10.93620,0.01840,3.238,-2176.88458
2025-01-28,HINDUNILVR.NS,2388.85010,2407.00000,2379.44995,2401.00000,1892156,52.24523,45.63000,-0.024,5603546103808,10.93620,0.01840,3.238,-2176.88458
2025-01-20,ICICIBANK.NS,1232.94995,1241.75000,1215.25000,1223.90002,7676418,18.25095,68.58000,0.182,8837763432448,3.43147,0.00830,N/A,100.27993
2025-01-21,ICICIBANK.NS,1196.15002,1238.94995,1192.69995,1236.94995,20520898,18.25095,68.58000,0.182,8837763432448,3.43147,0.00830,N/A,100.27993
2025-01-22,ICICIBANK.NS,1200.44995,1207.50000,1191.80005,1201.00000,10377123,18.25095,68.58000,0.182,8837763432448,3.43147,0.00830,N/A,100.27993
2025-01-23,ICICIBANK.NS,1201.75000,1207.90002,1186.00000,1197.25000,8770650,18.25095,68.58000,0.182,8837763432448,3.43147,0.00830,N/A,100.27993
2025-01-24,ICICIBANK.NS,1209.19995,1218.00000,1202.00000,1203.09998,9216792,18.25095,68.58000,0.182,8837763432448,3.43147,0.00830,N/A,100.27993
2025-01-27,ICICIBANK.NS,1227.94995,1234.65002,1193.09998,1195.00000,16164687,18.25095,68.58000,0.182,8837763432448,3.43147,0.00830,N/A,100.27993
2025-01-28,ICICIBANK.NS,1246.90002,1264.00000,1236.00000,1247.34998,18066499,18.25095,68.58000,0.182,8837763432448,3.43147,0.00830,N/A,100.27993
2025-01-20,INDUSINDBK.NS,970.70001,980.45001,948.09998,966.20001,4485164,9.06423,104.62000,-0.397,738775007232,1.12435,0.01770,N/A,-22.83182
2025-01-21,INDUSINDBK.NS,960.45001,978.50000,958.00000,971.54999,3369291,9.06423,104.62000,-0.397,738775007232,1.12435,0.01770,N/A,-22.83182
2025-01-22,INDUSINDBK.NS,970.95001,977.54999,949.15002,964.45001,2639472,9.06423,104.62000,-0.397,738775007232,1.12435,0.01770,N/A,-22.83182
2025-01-23,INDUSINDBK.NS,970.95001,988.54999,962.50000,965.95001,3359986,9.06423,104.62000,-0.397,738775007232,1.12435,0.01770,N/A,-22.83182
2025-01-24,INDUSINDBK.NS,950.79999,973.00000,948.25000,970.84998,2938649,9.06423,104.62000,-0.397,738775007232,1.12435,0.01770,N/A,-22.83182
2025-01-27,INDUSINDBK.NS,926.45001,947.00000,923.70001,947.00000,3907787,9.06423,104.62000,-0.397,738775007232,1.12435,0.01770,N/A,-22.83182
2025-01-28,INDUSINDBK.NS,934.15002,948.95001,925.70001,937.34998,5708478,9.06423,104.62000,-0.397,738775007232,1.12435,0.01770,N/A,-22.83182
2025-01-20,INFY.NS,1813.30005,1827.94995,1793.15002,1822.94995,4333011,27.63699,68.07000,0.042,7792306946048,737.45590,0.02130,9.697,658.02362
2025-01-21,INFY.NS,1800.69995,1831.65002,1793.05005,1819.05005,7169109,27.63699,68.07000,0.042,7792306946048,737.45590,0.02130,9.697,658.02362
2025-01-22,INFY.NS,1856.44995,1865.80005,1805.15002,1807.40002,8373913,27.63699,68.07000,0.042,7792306946048,737.45590,0.02130,9.697,658.02362
2025-01-23,INFY.NS,1865.44995,1879.55005,1852.69995,1858.00000,5907471,27.63699,68.07000,0.042,7792306946048,737.45590,0.02130,9.697,658.02362
2025-01-24,INFY.NS,1875.44995,1894.90002,1864.25000,1865.50000,4887027,27.63699,68.07000,0.042,7792306946048,737.45590,0.02130,9.697,658.02362
2025-01-27,INFY.NS,1822.00000,1863.00000,1812.00000,1848.75000,7652371,27.63699,68.07000,0.042,7792306946048,737.45590,0.02130,9.697,658.02362
2025-01-28,INFY.NS,1829.75000,1863.50000,1824.90002,1830.00000,6999495,27.63699,68.07000,0.042,7792306946048,737.45590,0.02130,9.697,658.02362
2025-01-20,ITC.NS,437.70001,441.20001,436.00000,439.00000,8742771,26.39160,16.42000,0.018,5421945323520,7.20473,0.03440,0.402,1466.19978
2025-01-21,ITC.NS,437.54999,447.00000,435.25000,438.00000,15686500,26.39160,16.42000,0.018,5421945323520,7.20473,0.03440,0.402,1466.19978
2025-01-22,ITC.NS,437.00000,441.95001,436.54999,439.89999,9619648,26.39160,16.42000,0.018,5421945323520,7.20473,0.03440,0.402,1466.19978
2025-01-23,ITC.NS,440.20001,441.85001,434.10001,435.00000,8888248,26.39160,16.42000,0.018,5421945323520,7.20473,0.03440,0.402,1466.19978
2025-01-24,ITC.NS,441.60001,445.00000,439.04999,439.39999,9665384,26.39160,16.42000,0.018,5421945323520,7.20473,0.03440,0.402,1466.19978
2025-01-27,ITC.NS,440.10001,445.00000,436.54999,440.79999,10480203,26.39160,16.42000,0.018,5421945323520,7.20473,0.03440,0.402,1466.19978
2025-01-28,ITC.NS,435.45001,441.79999,434.50000,440.00000,20813072,26.39160,16.42000,0.018,5421945323520,7.20473,0.03440,0.402,1466.19978
2025-01-20,JSWSTEEL.NS,919.20001,925.65002,900.50000,908.59998,1299378,69.60653,13.47000,-0.841,2287818768384,2.94128,0.00790,116.515,-82.76639
2025-01-21,JSWSTEEL.NS,926.84998,933.00000,919.54999,925.00000,1474919,69.60653,13.47000,-0.841,2287818768384,2.94128,0.00790,116.515,-82.76639
2025-01-22,JSWSTEEL.NS,919.40002,932.00000,907.15002,932.00000,1080075,69.60653,13.47000,-0.841,2287818768384,2.94128,0.00790,116.515,-82.76639
2025-01-23,JSWSTEEL.NS,929.90002,937.34998,912.79999,919.04999,1267989,69.60653,13.47000,-0.841,2287818768384,2.94128,0.00790,116.515,-82.76639
2025-01-24,JSWSTEEL.NS,932.45001,953.00000,925.15002,930.00000,3538998,69.60653,13.47000,-0.841,2287818768384,2.94128,0.00790,116.515,-82.76639
2025-01-27,JSWSTEEL.NS,919.34998,927.00000,901.09998,901.09998,3908402,69.60653,13.47000,-0.841,2287818768384,2.94128,0.00790,116.515,-82.76639
2025-01-28,JSWSTEEL.NS,916.15002,925.59998,904.50000,923.40002,1101031,69.60653,13.47000,-0.841,2287818768384,2.94128,0.00790,116.515,-82.76639
2025-01-20,KOTAKBANK.NS,1920.50000,1929.90002,1866.00000,1890.00000,13324315,17.15517,111.94000,0.13,3817982132224,2.93718,0.00110,N/A,131.96286
2025-01-21,KOTAKBANK.NS,1893.30005,1920.94995,1891.00000,1920.94995,4415663,17.15517,111.94000,0.13,3817982132224,2.93718,0.00110,N/A,131.96286
2025-01-22,KOTAKBANK.NS,1917.50000,1920.50000,1887.05005,1899.00000,4176669,17.15517,111.94000,0.13,3817982132224,2.93718,0.00110,N/A,131.96286
2025-01-23,KOTAKBANK.NS,1894.84998,1923.94995,1892.09998,1907.09998,3161159,17.15517,111.94000,0.13,3817982132224,2.93718,0.00110,N/A,131.96286
2025-01-24,KOTAKBANK.NS,1886.19995,1918.50000,1873.05005,1891.00000,4025366,17.15517,111.94000,0.13,3817982132224,2.93718,0.00110,N/A,131.96286
2025-01-27,KOTAKBANK.NS,1881.40002,1898.80005,1862.75000,1875.00000,1928503,17.15517,111.94000,0.13,3817982132224,2.93718,0.00110,N/A,131.96286
2025-01-28,KOTAKBANK.NS,1887.75000,1905.00000,1870.80005,1895.00000,5157384,17.15517,111.94000,0.13,3817982132224,2.93718,0.00110,N/A,131.96286
2025-01-20,LT.NS,3593.00000,3617.14990,3556.50000,3574.89990,1593334,35.08645,98.32000,0.077,4743785611264,5.31651,0.00820,119.062,455.66821
2025-01-21,LT.NS,3541.10010,3643.30005,3528.10010,3612.75000,2576596,35.08645,98.32000,0.077,4743785611264,5.31651,0.00820,119.062,455.66821
2025-01-22,LT.NS,3518.19995,3582.35010,3490.10010,3563.00000,1626055,35.08645,98.32000,0.077,4743785611264,5.31651,0.00820,119.062,455.66821
2025-01-23,LT.NS,3503.25000,3527.80005,3460.60010,3492.00000,1993204,35.08645,98.32000,0.077,4743785611264,5.31651,0.00820,119.062,455.66821
2025-01-24,LT.NS,3458.19995,3521.10010,3446.05005,3514.50000,1206454,35.08645,98.32000,0.077,4743785611264,5.31651,0.00820,119.062,455.66821
2025-01-27,LT.NS,3457.64990,3493.89990,3401.14990,3447.19995,1552938,35.08645,98.32000,0.077,4743785611264,5.31651,0.00820,119.062,455.66821
2025-01-28,LT.NS,3413.89990,3482.14990,3404.05005,3464.94995,1657689,35.08645,98.32000,0.077,4743785611264,5.31651,0.00820,119.062,455.66821
2025-01-20,M&M.NS,2888.10010,2935.94995,2877.30005,2910.00000,2905527,28.93963,101.05000,0.349,3506822184960,4.62607,0.00740,145.663,82.92159
2025-01-21,M&M.NS,2821.30005,2907.00000,2808.89990,2900.10010,3381309,28.93963,101.05000,0.349,3506822184960,4.62607,0.00740,145.663,82.92159
2025-01-22,M&M.NS,2826.44995,2851.89990,2805.85010,2848.00000,3133157,28.93963,101.05000,0.349,3506822184960,4.62607,0.00740,145.663,82.92159
2025-01-23,M&M.NS,2886.44995,2899.39990,2810.00000,2826.44995,2650506,28.93963,101.05000,0.349,3506822184960,4.62607,0.00740,145.663,82.92159
2025-01-24,M&M.NS,2801.39990,2896.00000,2790.00000,2875.00000,2665366,28.93963,101.05000,0.349,3506822184960,4.62607,0.00740,145.663,82.92159
2025-01-27,M&M.NS,2831.60010,2846.89990,2754.14990,2772.30005,2022141,28.93963,101.05000,0.349,3506822184960,4.62607,0.00740,145.663,82.92159
2025-01-28,M&M.NS,2870.60010,2925.00000,2784.00000,2835.00000,2432787,28.93963,101.05000,0.349,3506822184960,4.62607,0.00740,145.663,82.92159
2025-01-20,MARUTI.NS,12020.04980,12147.04980,11984.04980,12147.04980,251731,26.84725,446.15000,-0.208,3765887827968,4.22531,0.01030,0.178,-129.07332
2025-01-21,MARUTI.NS,11883.70020,12139.79980,11862.04980,12017.04980,300038,26.84725,446.15000,-0.208,3765887827968,4.22531,0.01030,0.178,-129.07332
2025-01-22,MARUTI.NS,12020.34961,12078.84961,11900.04980,11900.04980,396590,26.84725,446.15000,-0.208,3765887827968,4.22531,0.01030,0.178,-129.07332
2025-01-23,MARUTI.NS,12045.75000,12106.29980,11961.29980,12005.00000,480876,26.84725,446.15000,-0.208,3765887827968,4.22531,0.01030,0.178,-129.07332
2025-01-24,MARUTI.NS,11967.90039,12093.00000,11914.09961,11930.00000,310343,26.84725,446.15000,-0.208,3765887827968,4.22531,0.01030,0.178,-129.07332
2025-01-27,MARUTI.NS,11993.84961,12046.90039,11811.04980,11901.90039,251783,26.84725,446.15000,-0.208,3765887827968,4.22531,0.01030,0.178,-129.07332
2025-01-28,MARUTI.NS,12123.75000,12164.70020,11884.95020,12018.34961,533451,26.84725,446.15000,-0.208,3765887827968,4.22531,0.01030,0.178,-129.07332
2025-01-20,NESTLEIND.NS,2214.00000,2225.00000,2202.35010,2219.19995,401108,70.71011,30.84000,-0.01,2102537093120,53.85907,0.01500,9.475,-7071.01100
2025-01-21,NESTLEIND.NS,2196.44995,2240.00000,2191.55005,2225.00000,764414,70.71011,30.84000,-0.01,2102537093120,53.85907,0.01500,9.475,-7071.01100
2025-01-22,NESTLEIND.NS,2207.80005,2212.94995,2194.14990,2196.44995,448036,70.71011,30.84000,-0.01,2102537093120,53.85907,0.01500,9.475,-7071.01100
2025-01-23,NESTLEIND.NS,2198.94995,2209.60010,2165.00000,2194.14990,496007,70.71011,30.84000,-0.01,2102537093120,53.85907,0.01500,9.475,-7071.01100
2025-01-24,NESTLEIND.NS,2207.89990,2222.75000,2190.10010,2202.00000,663600,70.71011,30.84000,-0.01,2102537093120,53.85907,0.01500,9.475,-7071.01100
2025-01-27,NESTLEIND.NS,2174.75000,2231.89990,2168.60010,2182.05005,549986,70.71011,30.84000,-0.01,2102537093120,53.85907,0.01500,9.475,-7071.01100
2025-01-28,NESTLEIND.NS,2156.30005,2181.85010,2142.60010,2174.75000,721033,70.71011,30.84000,-0.01,2102537093120,53.85907,0.01500,9.475,-7071.01100
2025-01-20,NTPC.NS,336.04999,337.00000,324.54999,326.20001,17991880,14.97669,21.45000,0.143,3115055054848,1.93831,0.03480,139.959,104.73209
2025-01-21,NTPC.NS,324.29999,338.25000,323.79999,337.79999,12774630,14.97669,21.45000,0.143,3115055054848,1.93831,0.03480,139.959,104.73209
2025-01-22,NTPC.NS,322.39999,327.00000,317.35001,327.00000,11068145,14.97669,21.45000,0.143,3115055054848,1.93831,0.03480,139.959,104.73209
2025-01-23,NTPC.NS,323.64999,325.10001,319.54999,321.00000,6477347,14.97669,21.45000,0.143,3115055054848,1.93831,0.03480,139.959,104.73209
2025-01-24,NTPC.NS,323.64999,329.89999,322.10001,324.79999,7492600,14.97669,21.45000,0.143,3115055054848,1.93831,0.03480,139.959,104.73209
2025-01-27,NTPC.NS,322.20001,325.04999,315.00000,323.64999,13803855,14.97669,21.45000,0.143,3115055054848,1.93831,0.03480,139.959,104.73209
2025-01-28,NTPC.NS,318.25000,323.85001,308.14999,322.50000,22008929,14.97669,21.45000,0.143,3115055054848,1.93831,0.03480,139.959,104.73209
2025-01-20,ONGC.NS,269.35999,270.47000,265.01001,268.10001,9676264,7.69278,32.68000,-0.252,3166106288128,0.89730,0.07340,50.462,-30.52690
2025-01-21,ONGC.NS,265.79999,269.35001,264.81000,268.04999,8989218,7.69278,32.68000,-0.252,3166106288128,0.89730,0.07340,50.462,-30.52690
2025-01-22,ONGC.NS,264.04999,266.39001,261.70999,266.00000,7919682,7.69278,32.68000,-0.252,3166106288128,0.89730,0.07340,50.462,-30.52690
2025-01-23,ONGC.NS,263.04999,263.82999,261.17001,263.00000,5026675,7.69278,32.68000,-0.252,3166106288128,0.89730,0.07340,50.462,-30.52690
2025-01-24,ONGC.NS,256.51001,265.64001,255.75000,262.98999,6306281,7.69278,32.68000,-0.252,3166106288128,0.89730,0.07340,50.462,-30.52690
2025-01-27,ONGC.NS,250.78000,256.44000,249.50999,255.00000,6944911,7.69278,32.68000,-0.252,3166106288128,0.89730,0.07340,50.462,-30.52690
2025-01-28,ONGC.NS,248.67999,252.39999,246.71001,250.00000,8029472,7.69278,32.68000,-0.252,3166106288128,0.89730,0.07340,50.462,-30.52690
2025-01-20,POWERGRID.NS,306.25000,308.79999,301.95001,302.60001,9435937,17.15435,16.78000,0.005,2677177581568,2.90681,0.05550,137.073,3430.87000
2025-01-21,POWERGRID.NS,302.35001,309.95001,301.50000,307.00000,13911546,17.15435,16.78000,0.005,2677177581568,2.90681,0.05550,137.073,3430.87000
2025-01-22,POWERGRID.NS,297.54999,302.29999,295.79999,302.00000,9723333,17.15435,16.78000,0.005,2677177581568,2.90681,0.05550,137.073,3430.87000
2025-01-23,POWERGRID.NS,294.35001,299.60001,293.60001,297.50000,12228286,17.15435,16.78000,0.005,2677177581568,2.90681,0.05550,137.073,3430.87000
2025-01-24,POWERGRID.NS,295.85001,302.50000,294.35001,295.29999,11142914,17.15435,16.78000,0.005,2677177581568,2.90681,0.05550,137.073,3430.87000
2025-01-27,POWERGRID.NS,287.00000,295.00000,283.75000,295.00000,13477947,17.15435,16.78000,0.005,2677177581568,2.90681,0.05550,137.073,3430.87000
2025-01-28,POWERGRID.NS,283.95001,288.79999,279.35001,287.14999,11298068,17.15435,16.78000,0.005,2677177581568,2.90681,0.05550,137.073,3430.87000
2025-01-20,RELIANCE.NS,1305.44995,1316.00000,1300.25000,1316.00000,14040244,24.17808,51.10000,-0.048,16719280078848,2.10694,0.00400,37.464,-503.71006
2025-01-21,RELIANCE.NS,1273.69995,1313.00000,1270.19995,1310.50000,14562976,24.17808,51.10000,-0.048,16719280078848,2.10694,0.00400,37.464,-503.71006
2025-01-22,RELIANCE.NS,1277.09998,1282.90002,1268.69995,1278.30005,10273590,24.17808,51.10000,-0.048,16719280078848,2.10694,0.00400,37.464,-503.71006
2025-01-23,RELIANCE.NS,1263.65002,1277.34998,1261.59998,1270.00000,8720682,24.17808,51.10000,-0.048,16719280078848,2.10694,0.00400,37.464,-503.71006
2025-01-24,RELIANCE.NS,1246.30005,1273.00000,1243.50000,1266.00000,14235970,24.17808,51.10000,-0.048,16719280078848,2.10694,0.00400,37.464,-503.71006
2025-01-27,RELIANCE.NS,1229.34998,1240.44995,1220.00000,1239.09998,9536019,24.17808,51.10000,-0.048,16719280078848,2.10694,0.00400,37.464,-503.71006
2025-01-28,RELIANCE.NS,1234.40002,1244.75000,1218.50000,1238.00000,10568025,24.17808,51.10000,-0.048,16719280078848,2.10694,0.00400,37.464,-503.71006
2025-01-20,SBILIFE.NS,1499.69995,1547.80005,1487.30005,1547.80005,4033718,60.89621,23.99000,0.393,1464099405824,9.81346,0.00180,N/A,154.95219
2025-01-21,SBILIFE.NS,1466.55005,1505.94995,1460.00000,1499.69995,877160,60.89621,23.99000,0.393,1464099405824,9.81346,0.00180,N/A,154.95219
2025-01-22,SBILIFE.NS,1460.05005,1470.75000,1450.05005,1466.09998,631080,60.89621,23.99000,0.393,1464099405824,9.81346,0.00180,N/A,154.95219
2025-01-23,SBILIFE.NS,1449.84998,1463.69995,1447.15002,1458.05005,1301601,60.89621,23.99000,0.393,1464099405824,9.81346,0.00180,N/A,154.95219
2025-01-24,SBILIFE.NS,1440.40002,1455.59998,1418.15002,1451.30005,1504123,60.89621,23.99000,0.393,1464099405824,9.81346,0.00180,N/A,154.95219
2025-01-27,SBILIFE.NS,1424.40002,1445.94995,1416.00000,1435.00000,896819,60.89621,23.99000,0.393,1464099405824,9.81346,0.00180,N/A,154.95219
2025-01-28,SBILIFE.NS,1419.50000,1435.69995,1411.84998,1420.00000,1527262,60.89621,23.99000,0.393,1464099405824,9.81346,0.00180,N/A,154.95219
2025-01-20,SBIN.NS,779.25000,785.00000,767.84998,769.00000,9198929,9.45580,80.21000,0.229,6768877895680,1.46180,0.01820,N/A,41.29172
2025-01-21,SBIN.NS,759.04999,784.90002,756.04999,784.79999,13751780,9.45580,80.21000,0.229,6768877895680,1.46180,0.01820,N/A,41.29172
2025-01-22,SBIN.NS,753.45001,763.00000,738.00000,762.00000,9908339,9.45580,80.21000,0.229,6768877895680,1.46180,0.01820,N/A,41.29172
2025-01-23,SBIN.NS,745.90002,755.65002,743.09998,750.00000,10986405,9.45580,80.21000,0.229,6768877895680,1.46180,0.01820,N/A,41.29172
2025-01-24,SBIN.NS,744.15002,753.70001,739.00000,749.90002,10579213,9.45580,80.21000,0.229,6768877895680,1.46180,0.01820,N/A,41.29172
2025-01-27,SBIN.NS,749.20001,755.34998,735.90002,740.00000,11433353,9.45580,80.21000,0.229,6768877895680,1.46180,0.01820,N/A,41.29172
2025-01-28,SBIN.NS,752.40002,759.75000,745.40002,757.00000,14140860,9.45580,80.21000,0.229,6768877895680,1.46180,0.01820,N/A,41.29172
2025-01-20,SHRIRAMFIN.NS,516.70001,521.50000,493.35001,511.00000,12701612,13.40518,41.29000,0.198,1040740515840,0.39722,0.02240,296.607,67.70294
2025-01-21,SHRIRAMFIN.NS,520.29999,530.75000,513.45001,518.00000,7753705,13.40518,41.29000,0.198,1040740515840,0.39722,0.02240,296.607,67.70294
2025-01-22,SHRIRAMFIN.NS,518.65002,528.34998,513.04999,520.34998,5895189,13.40518,41.29000,0.198,1040740515840,0.39722,0.02240,296.607,67.70294
2025-01-23,SHRIRAMFIN.NS,529.79999,533.45001,511.60001,518.65002,5150004,13.40518,41.29000,0.198,1040740515840,0.39722,0.02240,296.607,67.70294
2025-01-24,SHRIRAMFIN.NS,527.45001,541.79999,509.14999,531.95001,7602501,13.40518,41.29000,0.198,1040740515840,0.39722,0.02240,296.607,67.70294
2025-01-27,SHRIRAMFIN.NS,511.64999,530.65002,508.14999,525.90002,8523575,13.40518,41.29000,0.198,1040740515840,0.39722,0.02240,296.607,67.70294
2025-01-28,SHRIRAMFIN.NS,530.09998,541.79999,508.60001,520.04999,16222471,13.40518,41.29000,0.198,1040740515840,0.39722,0.02240,296.607,67.70294
2025-01-20,SUNPHARMA.NS,1778.25000,1800.44995,1768.30005,1789.34998,1341246,37.68404,46.05000,0.283,4163677454336,6.01047,0.00790,3.707,133.15915
2025-01-21,SUNPHARMA.NS,1762.69995,1805.75000,1759.50000,1772.09998,2489267,37.68404,46.05000,0.283,4163677454336,6.01047,0.00790,3.707,133.15915
2025-01-22,SUNPHARMA.NS,1798.94995,1803.59998,1773.84998,1777.00000,2262270,37.68404,46.05000,0.283,4163677454336,6.01047,0.00790,3.707,133.15915
2025-01-23,SUNPHARMA.NS,1833.59998,1839.75000,1786.05005,1788.09998,1974760,37.68404,46.05000,0.283,4163677454336,6.01047,0.00790,3.707,133.15915
2025-01-24,SUNPHARMA.NS,1822.19995,1843.09998,1808.19995,1829.00000,1277935,37.68404,46.05000,0.283,4163677454336,6.01047,0.00790,3.707,133.15915
2025-01-27,SUNPHARMA.NS,1786.84998,1824.25000,1774.30005,1818.09998,1452975,37.68404,46.05000,0.283,4163677454336,6.01047,0.00790,3.707,133.15915
2025-01-28,SUNPHARMA.NS,1705.50000,1780.00000,1693.09998,1779.80005,5972497,37.68404,46.05000,0.283,4163677454336,6.01047,0.00790,3.707,133.15915
2025-01-20,TATACONSUM.NS,960.29999,968.59998,944.45001,960.00000,702848,80.57886,11.92000,0.038,950375350272,4.84006,0.00800,14.401,2120.49632
2025-01-21,TATACONSUM.NS,972.09998,978.00000,957.90002,961.04999,2281022,80.57886,11.92000,0.038,950375350272,4.84006,0.00800,14.401,2120.49632
2025-01-22,TATACONSUM.NS,967.40002,981.70001,958.15002,976.90002,1759236,80.57886,11.92000,0.038,950375350272,4.84006,0.00800,14.401,2120.49632
2025-01-23,TATACONSUM.NS,983.90002,993.50000,961.15002,967.34998,1235360,80.57886,11.92000,0.038,950375350272,4.84006,0.00800,14.401,2120.49632
2025-01-24,TATACONSUM.NS,992.34998,1004.00000,986.40002,988.75000,2201712,80.57886,11.92000,0.038,950375350272,4.84006,0.00800,14.401,2120.49632
2025-01-27,TATACONSUM.NS,965.79999,998.40002,960.00000,989.04999,1806238,80.57886,11.92000,0.038,950375350272,4.84006,0.00800,14.401,2120.49632
2025-01-28,TATACONSUM.NS,961.25000,979.25000,958.00000,970.95001,1647098,80.57886,11.92000,0.038,950375350272,4.84006,0.00800,14.401,2120.49632
2025-01-20,TATAMOTORS.NS,774.34998,783.00000,767.00000,780.00000,9956101,8.36018,90.01000,N/A,2770042880000,2.56087,0.00410,95.362,
2025-01-21,TATAMOTORS.NS,760.75000,786.65002,758.40002,775.00000,11657178,8.36018,90.01000,N/A,2770042880000,2.56087,0.00410,95.362,
2025-01-22,TATAMOTORS.NS,742.75000,765.45001,731.00000,764.15002,12418474,8.36018,90.01000,N/A,2770042880000,2.56087,0.00410,95.362,
2025-01-23,TATAMOTORS.NS,752.50000,759.70001,739.79999,742.75000,7916689,8.36018,90.01000,N/A,2770042880000,2.56087,0.00410,95.362,
2025-01-24,TATAMOTORS.NS,734.09998,754.15002,732.20001,750.04999,9513166,8.36018,90.01000,N/A,2770042880000,2.56087,0.00410,95.362,
2025-01-27,TATAMOTORS.NS,713.04999,732.95001,709.29999,732.95001,14123990,8.36018,90.01000,N/A,2770042880000,2.56087,0.00410,95.362,
2025-01-28,TATAMOTORS.NS,728.25000,740.84998,707.50000,716.50000,16104653,8.36018,90.01000,N/A,2770042880000,2.56087,0.00410,95.362,
2025-01-20,TATASTEEL.NS,131.66000,132.10001,128.91000,130.99001,20571916,54.95798,2.38000,N/A,1631311495168,1.77414,0.02770,109.814,
2025-01-21,TATASTEEL.NS,129.70000,132.39999,129.25000,132.06000,32238213,54.95798,2.38000,N/A,1631311495168,1.77414,0.02770,109.814,
2025-01-22,TATASTEEL.NS,128.92000,130.35001,127.12000,130.25000,27505569,54.95798,2.38000,N/A,1631311495168,1.77414,0.02770,109.814,
2025-01-23,TATASTEEL.NS,130.37000,130.75000,127.70000,127.85000,20722538,54.95798,2.38000,N/A,1631311495168,1.77414,0.02770,109.814,
2025-01-24,TATASTEEL.NS,129.74001,133.20000,129.31000,130.50000,37092106,54.95798,2.38000,N/A,1631311495168,1.77414,0.02770,109.814,
2025-01-27,TATASTEEL.NS,126.37000,129.45000,125.74000,129.02000,24650571,54.95798,2.38000,N/A,1631311495168,1.77414,0.02770,109.814,
2025-01-28,TATASTEEL.NS,128.62000,130.49001,124.74000,126.37000,40373804,54.95798,2.38000,N/A,1631311495168,1.77414,0.02770,109.814,
2025-01-20,TCS.NS,4077.80005,4145.79980,4068.10010,4145.79980,1287799,30.47272,134.54000,0.062,14833444454400,16.39251,0.00970,8.836,491.49550
2025-01-21,TCS.NS,4035.85010,4111.00000,4030.00000,4095.30005,1971591,30.47272,134.54000,0.062,14833444454400,16.39251,0.00970,8.836,491.49550
2025-01-22,TCS.NS,4156.60010,4163.14990,4044.19995,4050.00000,2409223,30.47272,134.54000,0.062,14833444454400,16.39251,0.00970,8.836,491.49550
2025-01-23,TCS.NS,4145.45020,4191.35010,4140.04980,4168.00000,1822998,30.47272,134.54000,0.062,14833444454400,16.39251,0.00970,8.836,491.49550
2025-01-24,TCS.NS,4152.35010,4178.00000,4104.00000,4104.00000,1910099,30.47272,134.54000,0.062,14833444454400,16.39251,0.00970,8.836,491.49550
2025-01-27,TCS.NS,4065.14990,4156.35010,4041.05005,4102.00000,1551782,30.47272,134.54000,0.062,14833444454400,16.39251,0.00970,8.836,491.49550
2025-01-28,TCS.NS,4040.30005,4102.00000,4028.30005,4070.80005,2468272,30.47272,134.54000,0.062,14833444454400,16.39251,0.00970,8.836,491.49550
2025-01-20,TECHM.NS,1674.59998,1687.15002,1625.00000,1663.00000,4856268,39.83768,42.20000,1.531,1487145271296,5.56313,0.02550,7.566,26.02069
2025-01-21,TECHM.NS,1640.50000,1703.55005,1636.09998,1674.59998,2500061,39.83768,42.20000,1.531,1487145271296,5.56313,0.02550,7.566,26.02069
2025-01-22,TECHM.NS,1683.94995,1688.75000,1635.25000,1642.69995,2478559,39.83768,42.20000,1.531,1487145271296,5.56313,0.02550,7.566,26.02069
2025-01-23,TECHM.NS,1713.40002,1729.50000,1671.00000,1671.00000,2255334,39.83768,42.20000,1.531,1487145271296,5.56313,0.02550,7.566,26.02069
2025-01-24,TECHM.NS,1723.05005,1736.40002,1705.34998,1719.00000,1257165,39.83768,42.20000,1.531,1487145271296,5.56313,0.02550,7.566,26.02069
2025-01-27,TECHM.NS,1653.90002,1713.90002,1645.00000,1710.00000,1174799,39.83768,42.20000,1.531,1487145271296,5.56313,0.02550,7.566,26.02069
2025-01-28,TECHM.NS,1648.34998,1664.65002,1638.00000,1655.94995,1820874,39.83768,42.20000,1.531,1487145271296,5.56313,0.02550,7.566,26.02069
2025-01-20,TITAN.NS,3382.25000,3407.69995,3347.50000,3374.10010,722342,92.14735,36.58000,-0.231,2990006861824,30.69704,0.00330,222.35,-398.90628
2025-01-21,TITAN.NS,3353.35010,3412.69995,3335.14990,3400.94995,1016047,92.14735,36.58000,-0.231,2990006861824,30.69704,0.00330,222.35,-398.90628
2025-01-22,TITAN.NS,3356.44995,3385.00000,3334.64990,3354.80005,598329,92.14735,36.58000,-0.231,2990006861824,30.69704,0.00330,222.35,-398.90628
2025-01-23,TITAN.NS,3398.55005,3433.00000,3325.50000,3356.44995,713603,92.14735,36.58000,-0.231,2990006861824,30.69704,0.00330,222.35,-398.90628
2025-01-24,TITAN.NS,3402.14990,3447.64990,3380.44995,3407.00000,564244,92.14735,36.58000,-0.231,2990006861824,30.69704,0.00330,222.35,-398.90628
2025-01-27,TITAN.NS,3319.35010,3401.94995,3307.25000,3388.00000,618309,92.14735,36.58000,-0.231,2990006861824,30.69704,0.00330,222.35,-398.90628
2025-01-28,TITAN.NS,3325.89990,3370.85010,3299.55005,3319.35010,579957,92.14735,36.58000,-0.231,2990006861824,30.69704,0.00330,222.35,-398.90628
2025-01-20,TRENT.NS,6090.00000,6225.00000,6074.04980,6210.00000,909757,110.33215,50.73000,0.444,1989714116608,42.05127,0.00060,39.033,248.49583
2025-01-21,TRENT.NS,5736.95020,6109.00000,5723.29980,6090.60010,1553225,110.33215,50.73000,0.444,1989714116608,42.05127,0.00060,39.033,248.49583
2025-01-22,TRENT.NS,5626.35010,5748.00000,5568.00000,5736.00000,1377528,110.33215,50.73000,0.444,1989714116608,42.05127,0.00060,39.033,248.49583
2025-01-23,TRENT.NS,5733.60010,5792.45020,5605.04980,5620.00000,2106761,110.33215,50.73000,0.444,1989714116608,42.05127,0.00060,39.033,248.49583
2025-01-24,TRENT.NS,5490.45020,5755.04980,5466.45020,5720.00000,1119070,110.33215,50.73000,0.444,1989714116608,42.05127,0.00060,39.033,248.49583
2025-01-27,TRENT.NS,5412.60010,5545.45020,5350.00000,5477.00000,1186126,110.33215,50.73000,0.444,1989714116608,42.05127,0.00060,39.033,248.49583
2025-01-28,TRENT.NS,5455.10010,5538.89990,5317.20020,5484.00000,1136463,110.33215,50.73000,0.444,1989714116608,42.05127,0.00060,39.033,248.49583
2025-01-20,ULTRACEMCO.NS,10624.45020,10652.79980,10484.25000,10587.40039,332061,53.22905,216.89000,-0.36,3326706188288,5.52420,0.00650,27.025,-147.85848
2025-01-21,ULTRACEMCO.NS,10667.79980,10968.04980,10642.04980,10677.50000,593842,53.22905,216.89000,-0.36,3326706188288,5.52420,0.00650,27.025,-147.85848
2025-01-22,ULTRACEMCO.NS,10693.75000,10797.79980,10606.75000,10700.00000,249552,53.22905,216.89000,-0.36,3326706188288,5.52420,0.00650,27.025,-147.85848
2025-01-23,ULTRACEMCO.NS,11420.90039,11571.45020,10689.95020,10690.00000,1510866,53.22905,216.89000,-0.36,3326706188288,5.52420,0.00650,27.025,-147.85848
2025-01-24,ULTRACEMCO.NS,11285.84961,11609.70020,11222.40039,11251.00000,545939,53.22905,216.89000,-0.36,3326706188288,5.52420,0.00650,27.025,-147.85848
2025-01-27,ULTRACEMCO.NS,11239.50000,11360.00000,11150.00000,11260.00000,414994,53.22905,216.89000,-0.36,3326706188288,5.52420,0.00650,27.025,-147.85848
2025-01-28,ULTRACEMCO.NS,11296.34961,11411.59961,11066.00000,11215.00000,436707,53.22905,216.89000,-0.36,3326706188288,5.52420,0.00650,27.025,-147.85848
2025-01-20,WIPRO.NS,294.40002,299.44968,291.16433,296.11593,39380165,26.38936,11.84000,0.214,3267664805888,2.17465,0.00170,23.511,123.31476
2025-01-21,WIPRO.NS,292.53705,299.89092,291.99775,296.50813,15619474,26.38936,11.84000,0.214,3267664805888,2.17465,0.00170,23.511,123.31476
2025-01-22,WIPRO.NS,303.07761,303.96006,293.51757,293.51757,30859317,26.38936,11.84000,0.214,3267664805888,2.17465,0.00170,23.511,123.31476
2025-01-23,WIPRO.NS,311.51004,318.27560,304.59738,305.03863,39904371,26.38936,11.84000,0.214,3267664805888,2.17465,0.00170,23.511,123.31476
2025-01-24,WIPRO.NS,313.86328,316.21651,310.43147,312.78471,17479586,26.38936,11.84000,0.214,3267664805888,2.17465,0.00170,23.511,123.31476
2025-01-27,WIPRO.NS,301.95001,312.93178,300.77338,311.60807,12372895,26.38936,11.84000,0.214,3267664805888,2.17465,0.00170,23.511,123.31476
2025-01-28,WIPRO.NS,303.60001,307.60001,301.54999,304.00000,12077491,26.38936,11.84000,0.214,3267664805888,2.17465,0.00170,23.511,123.31476
